{
  "camera_id": "cam2",
  "image_size": [
    1920,
    1080
  ],
  "homography": [
    [
      0.01822396487757136,
      0.008536771653638746,
      -9.113624098538372
    ],
    [
      0.0005054030606270718,
      -0.03096122682928059,
      33.049203580701814
    ],
    [
      6.578428168516434e-05,
      0.001370519100110549,
      1.0
    ]
  ],
  "world_position": [
    0.0,
    0.0,
    3.0
  ],
  "intrinsics": [
    [
      1058.7324904720463,
      0.0,
      960.0
    ],
    [
      0.0,
      1290.9115527341405,
      540.0
    ],
    [
      0.0,
      0.0,
      1.0
    ]
  ],
  "extrinsics": {
    "rvec": [
      -3.6148165245189006,
      -0.2068872014566336,
      1.819195824594776
    ],
    "tvec": [
      -8.11327395550721,
      6.244791784145698,
      11.20047566892454
    ],
    "position": [
      14.88526115740304,
      -0.2000767117970339,
      2.943172353077635
    ]
  },
  "extra": {
    "reprojection_error_m": 0.11383382379287217
  }
}