{
  "camera_id": "cam3",
  "image_size": [
    1920,
    1080
  ],
  "homography": [
    [
      -0.04113701567230029,
      0.03493721830448597,
      52.357246126809954
    ],
    [
      0.0013250470580984317,
      -0.06034913459759281,
      65.0708984251983
    ],
    [
      0.0003117031168072542,
      0.0050053466285078264,
      1.0
    ]
  ],
  "world_position": [
    14.6,
    0.0,
    3.0
  ],
  "intrinsics": [
    [
      1058.7324904720463,
      0.0,
      960.0
    ],
    [
      0.0,
      1290.9115527341405,
      540.0
    ],
    [
      0.0,
      0.0,
      1.0
    ]
  ],
  "extrinsics": {
    "rvec": [
      -0.08880726801304145,
      -1.78928576646111,
      -2.562414646290877
    ],
    "tvec": [
      7.49018417895131,
      2.76325980776261,
      5.747782457431619
    ],
    "position": [
      7.10443347521567,
      -4.771625941807963,
      -4.851193445479953
    ]
  },
  "extra": {
    "reprojection_error_m": 0.1588781005266072
  }
}