{
  "camera_id": "cam4",
  "image_size": [
    1920,
    1080
  ],
  "homography": [
    [
      0.01212215861335683,
      0.002846324946141627,
      -1.945552015543272
    ],
    [
      0.0014791534829273413,
      0.02866264902428424,
      -17.11255080169567
    ],
    [
      -2.4931225660835926e-05,
      0.0007527973935369241,
      1.0
    ]
  ],
  "world_position": [
    7.3,
    8.0,
    3.0
  ],
  "intrinsics": [
    [
      1058.7324904720463,
      0.0,
      960.0
    ],
    [
      0.0,
      1290.9115527341405,
      540.0
    ],
    [
      0.0,
      0.0,
      1.0
    ]
  ],
  "extrinsics": {
    "rvec": [
      -1.2794129885907208,
      -0.2004862799110889,
      -0.14261524409827625
    ],
    "tvec": [
      -8.25702281299937,
      0.3842468388830113,
      12.287222824654986
    ],
    "position": [
      5.243942683604184,
      13.164004155485376,
      -4.3025545709199235
    ]
  },
  "extra": {
    "reprojection_error_m": 0.11469951727643131
  }
}